{"/root/Universe/Player":{"pos":{"x":-132.141678,"y":-192.041626}}}
