{"/root/Universe/Player":{"pos":{"x":-27.647156,"y":-224.019699}}}
