{"/root/Universe/Player":{"pos":{"x":-229.641678,"y":-192.005066}}}
