{"/root/Universe/Player":{"pos":{"x":-59.666687,"y":63.994675}}}
