{"/root/Universe/Player":{"pos":{"x":-24.208309,"y":-224.005081}}}
